{"cameraMode":{"drawMode":0,"name":"Shaded","section":"Shading Mode"},"sceneLighting":true,"audioPlay":false,"sceneViewState":{"showFog":true,"showMaterialUpdate":false,"showSkybox":true,"showFlares":true,"showImageEffects":true,"showParticleSystems":true},"in2DMode":false,"pivot":{"x":3.2218551635742189,"y":-2.730203628540039,"z":-0.42475128173828127},"rotation":{"x":0.3900298476219177,"y":0.0778709203004837,"z":-0.03302677720785141,"w":0.917360246181488},"size":79.29048919677735,"orthographic":false}