{"cameraMode":{"drawMode":0,"name":"Shaded","section":"Shading Mode"},"sceneLighting":true,"audioPlay":false,"sceneViewState":{"showFog":true,"showMaterialUpdate":false,"showSkybox":true,"showFlares":true,"showImageEffects":true,"showParticleSystems":true},"in2DMode":false,"pivot":{"x":7.122442245483398,"y":-8.209747314453125,"z":-0.47529464960098269},"rotation":{"x":0.31138238310813906,"y":0.08577281981706619,"z":-0.029244793578982354,"w":0.9462298154830933},"size":32.18281936645508,"orthographic":false}